{
"lengthUnit": "mil",
"remark": [],
"components": {
	"fields": ["COMPONENT_NO", "COMPONENT_NAME", "LAYER", "X_COORDINATE", "Y_COORDINATE", "ANGLE"],
	"rows": [
		[1, "U2", "T", 605, -585, 0],
		[2, "XBSMB", "T", 591.8973, -1275, 0],
		[3, "PAD1", "T", 670.6423, -1208.07, 0],
		[4, "PAD2", "T", 631.2723, -1208.07, 0],
		[5, "PAD3", "T", 513.1623, -1208.07, 0],
		[6, "PAD4", "T", 552.5323, -1208.07, 0],
		[7, "PAD5", "T", 591.9023, -1208.07, 0],
		[8, "PAD6", "T", 713.9423, -1341.93, 0],
		[9, "PAD7", "T", 469.8523, -1341.93, 0],
		[10, "PAD8", "T", 250.67, -185, 0],
		[11, "PAD9", "T", 250.67, -285, 0],
		[12, "PAD10", "T", 250.67, -985, 0],
		[13, "PAD11", "T", 959.33, -985, 0],
		[14, "PAD12", "T", 305, -185, 0],
		[15, "PAD12", "B", 305, -185, 0],
		[16, "PAD13", "T", 305, -285, 0],
		[17, "PAD13", "B", 305, -285, 0],
		[18, "PAD14", "T", 305, -985, 0],
		[19, "PAD14", "B", 305, -985, 0],
		[20, "PAD15", "T", 905, -985, 0],
		[21, "PAD15", "B", 905, -985, 0]
	]
},
"pins": {
	"fields": ["PIN_NO", "PIN_NAME", "PIN_X", "PIN_Y", "LAYER", "PIN_TYPE", "NET_NAME", "NET_TYPE", "PAD_SHAPE", "PAD_SIZEX", "PAD_SIZEY", "HOLE_SIZE", "HOLE_LEN", "PAD_ANGLE"],
	"rows": [
		[1, "U2_1", 250.67, -185, "T", "SMD", "3.3V", "", "R", 78.74, 59.055, 0, 0, 0],
		[2, "U2_1", 305, -185, "T", "DIP", "3.3V", "", "C", 62.992, 62.992, 39.37, 39.37, 0],
		[3, "U2_1", 305, -185, "B", "DIP", "3.3V", "", "C", 62.992, 62.992, 39.37, 39.37, 0],
		[4, "U2_2", 250.67, -285, "T", "SMD", "GND", "GND", "R", 78.74, 59.055, 0, 0, 0],
		[5, "U2_2", 305, -285, "T", "DIP", "GND", "GND", "C", 62.992, 62.992, 39.37, 39.37, 0],
		[6, "U2_2", 305, -285, "B", "DIP", "GND", "GND", "C", 62.992, 62.992, 39.37, 39.37, 0],
		[7, "U2_3", 250.67, -385, "T", "SMD", "NET_1", "", "R", 78.74, 59.055, 0, 0, 0],
		[8, "U2_3", 305, -385, "T", "DIP", "NET_2", "", "C", 62.992, 62.992, 39.37, 39.37, 0],
		[9, "U2_3", 305, -385, "B", "DIP", "NET_2", "", "C", 62.992, 62.992, 39.37, 39.37, 0],
		[10, "U2_4", 250.67, -485, "T", "SMD", "NET_3", "", "R", 78.74, 59.055, 0, 0, 0],
		[11, "U2_4", 305, -485, "T", "DIP", "NET_4", "", "C", 62.992, 62.992, 39.37, 39.37, 0],
		[12, "U2_4", 305, -485, "B", "DIP", "NET_4", "", "C", 62.992, 62.992, 39.37, 39.37, 0],
		[13, "U2_5", 250.67, -585, "T", "SMD", "NET_5", "", "R", 78.74, 59.055, 0, 0, 0],
		[14, "U2_5", 305, -585, "T", "DIP", "NET_6", "", "C", 62.992, 62.992, 39.37, 39.37, 0],
		[15, "U2_5", 305, -585, "B", "DIP", "NET_6", "", "C", 62.992, 62.992, 39.37, 39.37, 0],
		[16, "U2_6", 250.67, -685, "T", "SMD", "NET_7", "", "R", 78.74, 59.055, 0, 0, 0],
		[17, "U2_6", 305, -685, "T", "DIP", "NET_8", "", "C", 62.992, 62.992, 39.37, 39.37, 0],
		[18, "U2_6", 305, -685, "B", "DIP", "NET_8", "", "C", 62.992, 62.992, 39.37, 39.37, 0],
		[19, "U2_7", 250.67, -785, "T", "SMD", "NET_9", "", "R", 78.74, 59.055, 0, 0, 0],
		[20, "U2_7", 305, -785, "T", "DIP", "NET_10", "", "C", 62.992, 62.992, 39.37, 39.37, 0],
		[21, "U2_7", 305, -785, "B", "DIP", "NET_10", "", "C", 62.992, 62.992, 39.37, 39.37, 0],
		[22, "U2_8", 250.67, -885, "T", "SMD", "NET_11", "", "R", 78.74, 59.055, 0, 0, 0],
		[23, "U2_8", 305, -885, "T", "DIP", "NET_12", "", "C", 62.992, 62.992, 39.37, 39.37, 0],
		[24, "U2_8", 305, -885, "B", "DIP", "NET_12", "", "C", 62.992, 62.992, 39.37, 39.37, 0],
		[25, "U2_9", 250.67, -985, "T", "SMD", "XSCL", "", "R", 78.74, 59.055, 0, 0, 0],
		[26, "U2_9", 305, -985, "T", "DIP", "XSCL", "", "C", 62.992, 62.992, 39.37, 39.37, 0],
		[27, "U2_9", 305, -985, "B", "DIP", "XSCL", "", "C", 62.992, 62.992, 39.37, 39.37, 0],
		[28, "U2_10", 959.33, -985, "T", "SMD", "XSDA", "", "R", 78.74, 59.055, 0, 0, 0],
		[29, "U2_10", 905, -985, "T", "DIP", "XSDA", "", "C", 62.992, 62.992, 39.37, 39.37, 0],
		[30, "U2_10", 905, -985, "B", "DIP", "XSDA", "", "C", 62.992, 62.992, 39.37, 39.37, 0],
		[31, "U2_11", 959.33, -885, "T", "SMD", "NET_13", "", "R", 78.74, 59.055, 0, 0, 0],
		[32, "U2_11", 905, -885, "T", "DIP", "NET_14", "", "C", 62.992, 62.992, 39.37, 39.37, 0],
		[33, "U2_11", 905, -885, "B", "DIP", "NET_14", "", "C", 62.992, 62.992, 39.37, 39.37, 0],
		[34, "U2_12", 959.33, -785, "T", "SMD", "NET_15", "", "R", 78.74, 59.055, 0, 0, 0],
		[35, "U2_12", 905, -785, "T", "DIP", "NET_16", "", "C", 62.992, 62.992, 39.37, 39.37, 0],
		[36, "U2_12", 905, -785, "B", "DIP", "NET_16", "", "C", 62.992, 62.992, 39.37, 39.37, 0],
		[37, "U2_13", 959.33, -685, "T", "SMD", "NET_17", "", "R", 78.74, 59.055, 0, 0, 0],
		[38, "U2_13", 905, -685, "T", "DIP", "NET_18", "", "C", 62.992, 62.992, 39.37, 39.37, 0],
		[39, "U2_13", 905, -685, "B", "DIP", "NET_18", "", "C", 62.992, 62.992, 39.37, 39.37, 0],
		[40, "U2_14", 959.33, -585, "T", "SMD", "NET_19", "", "R", 78.74, 59.055, 0, 0, 0],
		[41, "U2_14", 905, -585, "T", "DIP", "NET_20", "", "C", 62.992, 62.992, 39.37, 39.37, 0],
		[42, "U2_14", 905, -585, "B", "DIP", "NET_20", "", "C", 62.992, 62.992, 39.37, 39.37, 0],
		[43, "U2_15", 959.33, -485, "T", "SMD", "NET_21", "", "R", 78.74, 59.055, 0, 0, 0],
		[44, "U2_15", 905, -485, "T", "DIP", "NET_22", "", "C", 62.992, 62.992, 39.37, 39.37, 0],
		[45, "U2_15", 905, -485, "B", "DIP", "NET_22", "", "C", 62.992, 62.992, 39.37, 39.37, 0],
		[46, "U2_16", 959.33, -385, "T", "SMD", "NET_23", "", "R", 78.74, 59.055, 0, 0, 0],
		[47, "U2_16", 905, -385, "T", "DIP", "NET_24", "", "C", 62.992, 62.992, 39.37, 39.37, 0],
		[48, "U2_16", 905, -385, "B", "DIP", "NET_24", "", "C", 62.992, 62.992, 39.37, 39.37, 0],
		[49, "U2_17", 959.33, -285, "T", "SMD", "NET_25", "", "R", 78.74, 59.055, 0, 0, 0],
		[50, "U2_17", 905, -285, "T", "DIP", "NET_26", "", "C", 62.992, 62.992, 39.37, 39.37, 0],
		[51, "U2_17", 905, -285, "B", "DIP", "NET_26", "", "C", 62.992, 62.992, 39.37, 39.37, 0],
		[52, "U2_18", 959.33, -185, "T", "SMD", "NET_27", "", "R", 78.74, 59.055, 0, 0, 0],
		[53, "U2_18", 905, -185, "T", "DIP", "NET_28", "", "C", 62.992, 62.992, 39.37, 39.37, 0],
		[54, "U2_18", 905, -185, "B", "DIP", "NET_28", "", "C", 62.992, 62.992, 39.37, 39.37, 0],
		[55, "XBSMB_1", 513.1623, -1208.07, "T", "SMD", "5V", "", "R", 19.685, 66.929, 0, 0, 0],
		[56, "XBSMB_2", 552.5323, -1208.07, "T", "SMD", "GND", "GND", "R", 19.685, 66.929, 0, 0, 0],
		[57, "XBSMB_3", 591.9023, -1208.07, "T", "SMD", "3.3V", "", "R", 19.685, 66.929, 0, 0, 0],
		[58, "XBSMB_4", 631.2723, -1208.07, "T", "SMD", "XSDA", "", "R", 19.685, 66.929, 0, 0, 0],
		[59, "XBSMB_5", 670.6423, -1208.07, "T", "SMD", "XSCL", "", "R", 19.685, 66.929, 0, 0, 0],
		[60, "XBSMB_6", 713.9423, -1341.93, "T", "SMD", "GND", "GND", "R", 47.244, 98.425, 0, 0, 0],
		[61, "XBSMB_7", 469.8523, -1341.93, "T", "SMD", "GND", "GND", "R", 47.244, 98.425, 0, 0, 0],
		[62, "PAD1_5", 670.6423, -1208.07, "T", "SMD", "XSCL", "", "R", 19.685, 66.929, 0, 0, 0],
		[63, "PAD2_4", 631.2723, -1208.07, "T", "SMD", "XSDA", "", "R", 19.685, 66.929, 0, 0, 0],
		[64, "PAD3_1", 513.1623, -1208.07, "T", "SMD", "5V", "", "R", 19.685, 66.929, 0, 0, 0],
		[65, "PAD4_2", 552.5323, -1208.07, "T", "SMD", "GND", "GND", "R", 19.685, 66.929, 0, 0, 0],
		[66, "PAD5_3", 591.9023, -1208.07, "T", "SMD", "3.3V", "", "R", 19.685, 66.929, 0, 0, 0],
		[67, "PAD6_6", 713.9423, -1341.93, "T", "SMD", "GND", "GND", "R", 47.244, 98.425, 0, 0, 0],
		[68, "PAD7_7", 469.8523, -1341.93, "T", "SMD", "GND", "GND", "R", 47.244, 98.425, 0, 0, 0],
		[69, "PAD8_1", 250.67, -185, "T", "SMD", "3.3V", "", "R", 78.74, 59.055, 0, 0, 0],
		[70, "PAD9_2", 250.67, -285, "T", "SMD", "GND", "GND", "R", 78.74, 59.055, 0, 0, 0],
		[71, "PAD10_9", 250.67, -985, "T", "SMD", "XSCL", "", "R", 78.74, 59.055, 0, 0, 0],
		[72, "PAD11_10", 959.33, -985, "T", "SMD", "XSDA", "", "R", 78.74, 59.055, 0, 0, 0],
		[73, "PAD12_1", 305, -185, "T", "DIP", "3.3V", "", "C", 62.992, 62.992, 39.37, 39.37, 0],
		[74, "PAD12_1", 305, -185, "B", "DIP", "3.3V", "", "C", 62.992, 62.992, 39.37, 39.37, 0],
		[75, "PAD13_2", 305, -285, "T", "DIP", "GND", "GND", "C", 62.992, 62.992, 39.37, 39.37, 0],
		[76, "PAD13_2", 305, -285, "B", "DIP", "GND", "GND", "C", 62.992, 62.992, 39.37, 39.37, 0],
		[77, "PAD14_9", 305, -985, "T", "DIP", "XSCL", "", "C", 62.992, 62.992, 39.37, 39.37, 0],
		[78, "PAD14_9", 305, -985, "B", "DIP", "XSCL", "", "C", 62.992, 62.992, 39.37, 39.37, 0],
		[79, "PAD15_10", 905, -985, "T", "DIP", "XSDA", "", "C", 62.992, 62.992, 39.37, 39.37, 0],
		[80, "PAD15_10", 905, -985, "B", "DIP", "XSDA", "", "C", 62.992, 62.992, 39.37, 39.37, 0]
	]
}
}