{
"lengthUnit": "mil",
"remark": [],
"components": {
	"fields": ["COMPONENT_NO", "COMPONENT_NAME", "LAYER", "X_COORDINATE", "Y_COORDINATE", "ANGLE"],
	"rows": [
		[1, "C1", "T", 1000, -1175, 90],
		[2, "C2", "T", 730.096, -1121.2743, 180],
		[3, "R1", "T", 1000, -1080, 270],
		[4, "U1", "T", 605, -585, 0],
		[5, "U2", "T", 885, -1160, 0],
		[6, "XBSMB", "T", 591.8973, -1275, 0],
		[7, "PAD1", "T", 670.6423, -1208.07, 0],
		[8, "PAD2", "T", 631.2723, -1208.07, 0],
		[9, "PAD3", "T", 513.1623, -1208.07, 0],
		[10, "PAD4", "T", 552.5323, -1208.07, 0],
		[11, "PAD5", "T", 591.9023, -1208.07, 0],
		[12, "PAD6", "T", 713.9423, -1341.93, 0],
		[13, "PAD7", "T", 469.8523, -1341.93, 0],
		[14, "PAD8", "T", 250.67, -185, 0],
		[15, "PAD9", "T", 250.67, -285, 0],
		[16, "PAD10", "T", 250.67, -985, 0],
		[17, "PAD11", "T", 959.33, -985, 0],
		[18, "PAD12", "T", 1000, -1153.54, 0],
		[19, "PAD13", "T", 1000, -1196.46, 0],
		[20, "PAD14", "T", 708.636, -1121.2743, 0],
		[21, "PAD15", "T", 751.556, -1121.2743, 0],
		[22, "PAD16", "T", 1000, -1097.04, 0],
		[23, "PAD17", "T", 1000, -1062.96, 0],
		[24, "PAD18", "T", 938.15, -1122.6, 0],
		[25, "PAD19", "T", 938.15, -1160, 0],
		[26, "PAD20", "T", 938.15, -1197.4, 0],
		[27, "PAD21", "T", 831.85, -1197.4, 0],
		[28, "PAD22", "T", 831.85, -1160, 0]
	]
},
"pins": {
	"fields": ["PIN_NO", "PIN_NAME", "PIN_X", "PIN_Y", "LAYER", "PIN_TYPE", "NET_NAME", "NET_TYPE", "PAD_SHAPE", "PAD_SIZEX", "PAD_SIZEY", "HOLE_SIZE", "HOLE_LEN", "PAD_ANGLE"],
	"rows": [
		[1, "C1_1", 1000, -1196.46, "T", "SMD", "5V", "", "R", 31.106, 21.26, 0, 0, 90],
		[2, "C1_2", 1000, -1153.54, "T", "SMD", "GND", "GND", "R", 31.106, 21.26, 0, 0, 90],
		[3, "C2_1", 751.556, -1121.2743, "T", "SMD", "5VEN", "", "R", 31.106, 21.26, 0, 0, 180],
		[4, "C2_2", 708.636, -1121.2743, "T", "SMD", "GND", "GND", "R", 31.106, 21.26, 0, 0, 180],
		[5, "R1_1", 1000, -1062.96, "T", "SMD", "GND", "GND", "R", 22.27, 21.26, 0, 0, 270],
		[6, "R1_2", 1000, -1097.04, "T", "SMD", "3.3V", "", "R", 22.27, 21.26, 0, 0, 270],
		[7, "U1_1", 250.67, -185, "T", "SMD", "5V", "", "R", 78.74, 59.055, 0, 0, 0],
		[8, "U1_2", 250.67, -285, "T", "SMD", "GND", "GND", "R", 78.74, 59.055, 0, 0, 0],
		[9, "U1_3", 250.67, -385, "T", "SMD", "NET_1", "", "R", 78.74, 59.055, 0, 0, 0],
		[10, "U1_4", 250.67, -485, "T", "SMD", "NET_2", "", "R", 78.74, 59.055, 0, 0, 0],
		[11, "U1_5", 250.67, -585, "T", "SMD", "NET_3", "", "R", 78.74, 59.055, 0, 0, 0],
		[12, "U1_6", 250.67, -685, "T", "SMD", "NET_4", "", "R", 78.74, 59.055, 0, 0, 0],
		[13, "U1_7", 250.67, -785, "T", "SMD", "NET_5", "", "R", 78.74, 59.055, 0, 0, 0],
		[14, "U1_8", 250.67, -885, "T", "SMD", "NET_6", "", "R", 78.74, 59.055, 0, 0, 0],
		[15, "U1_9", 250.67, -985, "T", "SMD", "XSCL", "", "R", 78.74, 59.055, 0, 0, 0],
		[16, "U1_10", 959.33, -985, "T", "SMD", "XSDA", "", "R", 78.74, 59.055, 0, 0, 0],
		[17, "U1_11", 959.33, -885, "T", "SMD", "NET_7", "", "R", 78.74, 59.055, 0, 0, 0],
		[18, "U1_12", 959.33, -785, "T", "SMD", "NET_8", "", "R", 78.74, 59.055, 0, 0, 0],
		[19, "U1_13", 959.33, -685, "T", "SMD", "NET_9", "", "R", 78.74, 59.055, 0, 0, 0],
		[20, "U1_14", 959.33, -585, "T", "SMD", "NET_10", "", "R", 78.74, 59.055, 0, 0, 0],
		[21, "U1_15", 959.33, -485, "T", "SMD", "NET_11", "", "R", 78.74, 59.055, 0, 0, 0],
		[22, "U1_16", 959.33, -385, "T", "SMD", "NET_12", "", "R", 78.74, 59.055, 0, 0, 0],
		[23, "U1_17", 959.33, -285, "T", "SMD", "NET_13", "", "R", 78.74, 59.055, 0, 0, 0],
		[24, "U1_18", 959.33, -185, "T", "SMD", "NET_14", "", "R", 78.74, 59.055, 0, 0, 0],
		[25, "U2_1", 938.15, -1197.4, "T", "SMD", "5V", "", "R", 43.307, 23.622, 0, 0, 0],
		[26, "U2_2", 938.15, -1160, "T", "SMD", "GND", "GND", "R", 43.307, 23.622, 0, 0, 0],
		[27, "U2_3", 938.15, -1122.6, "T", "SMD", "3.3V", "", "R", 43.307, 23.622, 0, 0, 0],
		[28, "U2_4", 831.85, -1122.6, "T", "SMD", "NET_15", "", "R", 43.307, 23.622, 0, 0, 0],
		[29, "U2_5", 831.85, -1160, "T", "SMD", "5VEN", "", "R", 43.307, 23.622, 0, 0, 0],
		[30, "U2_6", 831.85, -1197.4, "T", "SMD", "5VEN", "", "R", 43.307, 23.622, 0, 0, 0],
		[31, "XBSMB_1", 513.1623, -1208.07, "T", "SMD", "5V", "", "R", 19.685, 66.929, 0, 0, 0],
		[32, "XBSMB_2", 552.5323, -1208.07, "T", "SMD", "GND", "GND", "R", 19.685, 66.929, 0, 0, 0],
		[33, "XBSMB_3", 591.9023, -1208.07, "T", "SMD", "3.3V", "", "R", 19.685, 66.929, 0, 0, 0],
		[34, "XBSMB_4", 631.2723, -1208.07, "T", "SMD", "XSDA", "", "R", 19.685, 66.929, 0, 0, 0],
		[35, "XBSMB_5", 670.6423, -1208.07, "T", "SMD", "XSCL", "", "R", 19.685, 66.929, 0, 0, 0],
		[36, "XBSMB_6", 713.9423, -1341.93, "T", "SMD", "GND", "GND", "R", 47.244, 98.425, 0, 0, 0],
		[37, "XBSMB_7", 469.8523, -1341.93, "T", "SMD", "GND", "GND", "R", 47.244, 98.425, 0, 0, 0],
		[38, "PAD1_5", 670.6423, -1208.07, "T", "SMD", "XSCL", "", "R", 19.685, 66.929, 0, 0, 0],
		[39, "PAD2_4", 631.2723, -1208.07, "T", "SMD", "XSDA", "", "R", 19.685, 66.929, 0, 0, 0],
		[40, "PAD3_1", 513.1623, -1208.07, "T", "SMD", "5V", "", "R", 19.685, 66.929, 0, 0, 0],
		[41, "PAD4_2", 552.5323, -1208.07, "T", "SMD", "GND", "GND", "R", 19.685, 66.929, 0, 0, 0],
		[42, "PAD5_3", 591.9023, -1208.07, "T", "SMD", "3.3V", "", "R", 19.685, 66.929, 0, 0, 0],
		[43, "PAD6_6", 713.9423, -1341.93, "T", "SMD", "GND", "GND", "R", 47.244, 98.425, 0, 0, 0],
		[44, "PAD7_7", 469.8523, -1341.93, "T", "SMD", "GND", "GND", "R", 47.244, 98.425, 0, 0, 0],
		[45, "PAD8_1", 250.67, -185, "T", "SMD", "5V", "", "R", 78.74, 59.055, 0, 0, 0],
		[46, "PAD9_2", 250.67, -285, "T", "SMD", "GND", "GND", "R", 78.74, 59.055, 0, 0, 0],
		[47, "PAD10_9", 250.67, -985, "T", "SMD", "XSCL", "", "R", 78.74, 59.055, 0, 0, 0],
		[48, "PAD11_10", 959.33, -985, "T", "SMD", "XSDA", "", "R", 78.74, 59.055, 0, 0, 0],
		[49, "PAD12_2", 1000, -1153.54, "T", "SMD", "GND", "GND", "R", 31.106, 21.26, 0, 0, 90],
		[50, "PAD13_1", 1000, -1196.46, "T", "SMD", "5V", "", "R", 31.106, 21.26, 0, 0, 90],
		[51, "PAD14_2", 708.636, -1121.2743, "T", "SMD", "GND", "GND", "R", 31.106, 21.26, 0, 0, 180],
		[52, "PAD15_1", 751.556, -1121.2743, "T", "SMD", "5VEN", "", "R", 31.106, 21.26, 0, 0, 180],
		[53, "PAD16_2", 1000, -1097.04, "T", "SMD", "3.3V", "", "R", 22.27, 21.26, 0, 0, 270],
		[54, "PAD17_1", 1000, -1062.96, "T", "SMD", "GND", "GND", "R", 22.27, 21.26, 0, 0, 270],
		[55, "PAD18_3", 938.15, -1122.6, "T", "SMD", "3.3V", "", "R", 43.307, 23.622, 0, 0, 0],
		[56, "PAD19_2", 938.15, -1160, "T", "SMD", "GND", "GND", "R", 43.307, 23.622, 0, 0, 0],
		[57, "PAD20_1", 938.15, -1197.4, "T", "SMD", "5V", "", "R", 43.307, 23.622, 0, 0, 0],
		[58, "PAD21_6", 831.85, -1197.4, "T", "SMD", "5VEN", "", "R", 43.307, 23.622, 0, 0, 0],
		[59, "PAD22_5", 831.85, -1160, "T", "SMD", "5VEN", "", "R", 43.307, 23.622, 0, 0, 0]
	]
}
}